<?xml version="1.0" encoding="UTF-8"?>

<web-app xmlns="http://xmlns.jcp.org/xml/ns/javaee" 
         xmlns:xsi="http://www.w3.org/2001/XMLSchema-instance" 
         xsi:schemaLocation="http://xmlns.jcp.org/xml/ns/javaee 
         http://xmlns.jcp.org/xml/ns/javaee/web-app_3_1.xsd" 
         version="3.1">

    <servlet>
        <servlet-name>AgregarCliente</servlet-name>
        <servlet-class>controlador.ServletAgregarCliente</servlet-class>
    </servlet>

    <servlet-mapping>
        <servlet-name>AgregarCliente</servlet-name>
        <url-pattern>/AgregarClienteServlet</url-pattern>
    </servlet-mapping>

</web-app>